<?xml version="1.0" encoding="UTF-8"?>
<modes>

  <!-- lkt → eng -->

  <mode name="lkt-eng" install="yes" gendebug="yes">
    <pipeline>

      <program name="lt-proc -w">
        <file name="lkt-eng.automorf.bin"/>
      </program>


      <program name="cg-proc -w">
        <file name="lkt-eng.rlx.bin"/>
      </program>
      <program name="apertium-tagger -g $2">
        <file name="lkt-eng.prob"/>
      </program>
      <program name="apertium-pretransfer"/>
      <program name="lt-proc -b">
        <file name="lkt-eng.autobil.bin"/>
      </program>
      <program name="lrx-proc -m">
        <file name="lkt-eng.autolex.bin"/>
      </program>


      <program name="rtx-proc">
        <file name="lkt-eng.rtx.bin"/>
      </program>

      <program name="lt-proc $1">
        <file name="lkt-eng.autogen.bin"/>
      </program>
      <program name="lt-proc -p">
        <file name="lkt-eng.autopgen.bin"/>
      </program>
    </pipeline>
  </mode>

  <!-- eng → lkt -->

  <mode name="eng-lkt" install="yes" gendebug="yes">
    <pipeline>

      <program name="lt-proc -w">
        <file name="eng-lkt.automorf.bin"/>
      </program>


      <program name="cg-proc -w">
        <file name="eng-lkt.rlx.bin"/>
      </program>
      <program name="apertium-tagger -g $2">
        <file name="eng-lkt.prob"/>
      </program>

      <program name="apertium-pretransfer"/>
      <program name="lt-proc -b">
        <file name="eng-lkt.autobil.bin"/>
      </program>
      <program name="lrx-proc -m">
        <file name="eng-lkt.autolex.bin"/>
      </program>


      <program name="rtx-proc">
        <file name="eng-lkt.rtx.bin"/>
      </program>

      <program name="lt-proc $1">
        <file name="eng-lkt.autogen.bin"/>
      </program>
      <program name="lt-proc -p">
        <file name="eng-lkt.autopgen.bin"/>
      </program>
    </pipeline>
  </mode>
</modes>

